"height","weight","sex","year","age","education","bmi","citizenship","country"
171.7,54.61,1,1982,14,"Secondary",18.52,"non-UAE citizen","UAE"
170.23,86.23,1,1939,59,"Only secondary",29.76,"non-UAE citizen","UAE"
196.01,64.69,0,1980,78,"Only kindergarten",16.84,"non-UAE citizen","UAE"
127.87,35.22,1,1937,6,"Primary",21.54,"non-UAE citizen","UAE"
185.72,76.66,0,1969,83,"Only kindergarten",22.23,"non-UAE citizen","UAE"
158.1,70.69,1,2010,64,"Only kindergarten",28.28,"non-UAE citizen","UAE"
124.44,28.76,0,1987,10,"Primary",18.57,"UAE citizen","UAE"
162.27,72.5,0,2000,98,"Only kindergarten",27.53,"non-UAE citizen","UAE"
157.3,63.59,1,2001,47,"Only kindergarten",25.7,"non-UAE citizen","UAE"
172.21,66.86,0,1932,46,"Only secondary",22.54,"UAE citizen","UAE"
196.23,69.15,1,1932,50,"Only primary",17.96,"UAE citizen","UAE"
194.81,69.99,0,1970,69,"Higher",18.44,"non-UAE citizen","UAE"
174.84,74.55,1,2025,52,"Higher",24.39,"non-UAE citizen","UAE"
152.46,72.47,1,1998,53,"Only secondary",31.18,"non-UAE citizen","UAE"
149.29,66.63,1,1958,44,"Only secondary",29.9,"non-UAE citizen","UAE"
163.93,70.42,1,1933,64,"Only secondary",26.2,"non-UAE citizen","UAE"
189.65,77.98,1,2000,49,"Higher",21.68,"non-UAE citizen","UAE"
158.51,60.06,0,1931,84,"Only kindergarten",23.9,"non-UAE citizen","UAE"
191.9,78.12,1,1927,99,"Only kindergarten",21.21,"non-UAE citizen","UAE"
157.81,46.95,1,1925,12,"Secondary",18.85,"non-UAE citizen","UAE"
156.51,59.5,0,2000,87,"Only secondary",24.29,"non-UAE citizen","UAE"
145.39,70.88,0,2001,41,"Only kindergarten",33.53,"non-UAE citizen","UAE"
160.21,71.7,1,2024,50,"Higher",27.93,"non-UAE citizen","UAE"
180.11,69.56,1,1999,91,"Only primary",21.44,"UAE citizen","UAE"
152.74,89.09,1,1997,52,"Higher",38.19,"non-UAE citizen","UAE"
148.02,71.84,0,1955,87,"Only secondary",32.79,"non-UAE citizen","UAE"
160.7,76.76,0,1952,94,"Higher",29.72,"non-UAE citizen","UAE"
112.43,39.88,0,1929,10,"Primary",31.55,"UAE citizen","UAE"
184.37,65.22,1,2005,69,"Only secondary",19.19,"UAE citizen","UAE"
126.03,27.86,1,1962,10,"Primary",17.54,"non-UAE citizen","UAE"
190.98,54.66,1,2005,97,"Higher",14.99,"non-UAE citizen","UAE"
174.35,73.27,1,1975,52,"Higher",24.1,"UAE citizen","UAE"
141.22,74.1,0,1976,20,"Only secondary",37.16,"non-UAE citizen","UAE"
175.77,77.08,1,2024,95,"Higher",24.95,"UAE citizen","UAE"
182.56,88.61,1,1990,89,"Higher",26.59,"UAE citizen","UAE"
167.44,61.17,0,1991,76,"Only secondary",21.82,"UAE citizen","UAE"
163.65,70.4,1,2013,65,"Only secondary",26.29,"non-UAE citizen","UAE"
167.74,63.01,1,1977,63,"Only secondary",22.39,"non-UAE citizen","UAE"
183.02,50.53,1,1945,14,"Secondary",15.09,"non-UAE citizen","UAE"
153.49,56.8,0,2011,56,"Only secondary",24.11,"non-UAE citizen","UAE"
143.77,59.21,0,2007,61,"Only primary",28.65,"non-UAE citizen","UAE"
175.33,45.89,0,1977,81,"Only primary",14.93,"UAE citizen","UAE"
149.1,60.54,0,1959,75,"Only secondary",27.23,"non-UAE citizen","UAE"
161.94,71.39,0,1990,53,"Only primary",27.22,"non-UAE citizen","UAE"
153.52,55.5,0,1948,45,"Higher",23.55,"non-UAE citizen","UAE"
177.06,76.58,1,1996,94,"Only secondary",24.43,"non-UAE citizen","UAE"
158.38,74.64,1,1935,24,"Higher",29.76,"non-UAE citizen","UAE"
177.65,61.39,0,1944,80,"Only kindergarten",19.45,"UAE citizen","UAE"
164.29,54.15,0,1931,19,"Higher",20.06,"UAE citizen","UAE"
175.87,70.75,0,1926,62,"Higher",22.87,"non-UAE citizen","UAE"
161.97,69.17,0,2025,51,"Higher",26.37,"UAE citizen","UAE"
170.47,65.81,1,1962,60,"Higher",22.65,"non-UAE citizen","UAE"
106.89,20.58,1,2002,4,"Kindergarten",18.01,"non-UAE citizen","UAE"
159.46,69.67,1,1936,48,"Only primary",27.4,"UAE citizen","UAE"
166.12,82,1,2000,89,"Higher",29.71,"non-UAE citizen","UAE"
194.04,85.18,1,1963,97,"Higher",22.62,"non-UAE citizen","UAE"
154.28,58.1,1,1991,16,"Secondary",24.41,"non-UAE citizen","UAE"
103.03,15.13,1,1983,1,"None",14.25,"non-UAE citizen","UAE"
152.71,76.06,1,1943,85,"Higher",32.62,"UAE citizen","UAE"
167.3,58.73,0,1939,62,"Only secondary",20.98,"UAE citizen","UAE"
126.14,34.63,1,1959,9,"Primary",21.76,"UAE citizen","UAE"
103.58,24.43,1,1969,4,"Kindergarten",22.77,"UAE citizen","UAE"
153.02,77.26,1,1957,49,"Only secondary",33,"non-UAE citizen","UAE"
158.95,70.83,0,1937,28,"Only primary",28.03,"non-UAE citizen","UAE"
160.13,83.26,0,1993,24,"Only secondary",32.47,"non-UAE citizen","UAE"
165.56,81.76,1,1985,76,"Only secondary",29.83,"UAE citizen","UAE"
153.19,82.48,1,1983,90,"Higher",35.15,"non-UAE citizen","UAE"
183.91,72.64,0,1938,35,"Higher",21.48,"non-UAE citizen","UAE"
165.89,67.2,1,1998,36,"Only kindergarten",24.42,"non-UAE citizen","UAE"
168.6,61.6,1,2006,85,"Only secondary",21.67,"non-UAE citizen","UAE"
163.86,51.05,0,1944,96,"Higher",19.01,"non-UAE citizen","UAE"
176.22,75.23,1,2007,85,"Higher",24.23,"non-UAE citizen","UAE"
167.93,67.51,1,2020,20,"Only kindergarten",23.94,"non-UAE citizen","UAE"
171.03,76.34,1,1932,38,"Only kindergarten",26.1,"non-UAE citizen","UAE"
133.97,34.08,1,1937,11,"Primary",18.99,"UAE citizen","UAE"
153.63,50.04,0,1925,98,"Higher",21.2,"non-UAE citizen","UAE"
133.56,69.01,0,1962,93,"Only primary",38.69,"non-UAE citizen","UAE"
188.95,71.56,1,2004,99,"Higher",20.04,"non-UAE citizen","UAE"
139.87,62.5,0,1929,12,"Secondary",31.95,"non-UAE citizen","UAE"
148.24,45.83,0,1947,16,"None",20.86,"UAE citizen","UAE"
173.5,58.05,0,1940,33,"Only kindergarten",19.28,"non-UAE citizen","UAE"
163.39,72.06,1,1937,18,"None",26.99,"non-UAE citizen","UAE"
183.01,75.47,0,1988,56,"Only kindergarten",22.53,"non-UAE citizen","UAE"
132.2,26.79,1,1969,8,"Primary",15.33,"non-UAE citizen","UAE"
104.16,19.24,0,1976,1,"None",17.73,"non-UAE citizen","UAE"
165.02,67.7,0,2018,26,"Higher",24.86,"non-UAE citizen","UAE"
169.63,82,1,2016,55,"Higher",28.5,"non-UAE citizen","UAE"
163.46,75.55,1,2015,74,"Higher",28.28,"non-UAE citizen","UAE"
169.79,77.1,1,2018,43,"Only secondary",26.74,"non-UAE citizen","UAE"
182.63,70.22,1,2022,19,"Only primary",21.05,"non-UAE citizen","UAE"
175.83,63.94,1,1932,37,"Only secondary",20.68,"non-UAE citizen","UAE"
106.23,10.42,1,1965,2,"None",9.23,"non-UAE citizen","UAE"
131.71,23.03,1,1982,10,"Primary",13.28,"UAE citizen","UAE"
157.03,78.83,0,1997,73,"Only kindergarten",31.97,"non-UAE citizen","UAE"
175.41,84.82,1,2000,100,"Only secondary",27.57,"UAE citizen","UAE"
200.75,76.58,1,2017,49,"Only primary",19,"non-UAE citizen","UAE"
144.67,83.26,1,2011,25,"Higher",39.78,"non-UAE citizen","UAE"
170.94,70.11,1,2002,34,"Higher",23.99,"non-UAE citizen","UAE"
180.96,59.41,1,1963,100,"Higher",18.14,"UAE citizen","UAE"
165.1,72.71,1,1935,34,"Only secondary",26.67,"non-UAE citizen","UAE"
170.82,59.26,0,2023,54,"Only primary",20.31,"non-UAE citizen","UAE"
178.27,73.92,1,2012,38,"Higher",23.26,"non-UAE citizen","UAE"
168.16,60.6,0,1960,51,"Higher",21.43,"non-UAE citizen","UAE"
160.05,47.79,1,2025,15,"None",18.66,"UAE citizen","UAE"
171.61,84.83,1,2022,58,"Higher",28.8,"UAE citizen","UAE"
196.25,81.1,1,1989,74,"Only secondary",21.06,"UAE citizen","UAE"
126.48,37.11,1,1926,9,"Primary",23.2,"non-UAE citizen","UAE"
158.47,82.17,1,1977,99,"Higher",32.72,"non-UAE citizen","UAE"
184.79,74.66,1,1927,35,"Only secondary",21.86,"non-UAE citizen","UAE"
176.16,80.14,1,1988,46,"Only kindergarten",25.82,"non-UAE citizen","UAE"
176.22,74.75,1,1952,25,"Higher",24.07,"non-UAE citizen","UAE"
111.32,26.93,0,1979,9,"Primary",21.73,"non-UAE citizen","UAE"
129.54,38.14,1,1940,6,"Primary",22.73,"non-UAE citizen","UAE"
169.67,52.94,0,1939,43,"Only secondary",18.39,"non-UAE citizen","UAE"
137.08,76.96,1,1969,97,"Only kindergarten",40.96,"UAE citizen","UAE"
189.09,63.33,1,2000,77,"Only secondary",17.71,"non-UAE citizen","UAE"
162.73,76.56,1,1987,98,"Only kindergarten",28.91,"UAE citizen","UAE"
195.91,76.77,1,1993,58,"Higher",20,"non-UAE citizen","UAE"
186.65,76.6,1,1981,50,"Higher",21.99,"non-UAE citizen","UAE"
125.11,70.02,0,1982,44,"Only primary",44.73,"non-UAE citizen","UAE"
156.9,70.53,1,2009,64,"Only primary",28.65,"UAE citizen","UAE"
192.74,55.13,1,1999,97,"Only secondary",14.84,"non-UAE citizen","UAE"
111.36,20.63,0,1957,4,"Kindergarten",16.64,"UAE citizen","UAE"
167.23,56.11,0,1991,71,"Only secondary",20.06,"non-UAE citizen","UAE"
199.78,77.91,1,1995,25,"Higher",19.52,"non-UAE citizen","UAE"
183.53,93.26,1,1979,98,"Only kindergarten",27.69,"non-UAE citizen","UAE"
181.37,82.09,1,2021,71,"Higher",24.96,"non-UAE citizen","UAE"
190.35,62.06,0,1994,42,"Only secondary",17.13,"non-UAE citizen","UAE"
149.64,50.46,0,2023,15,"Secondary",22.53,"UAE citizen","UAE"
128.41,31.71,1,1994,6,"Primary",19.23,"non-UAE citizen","UAE"
162.09,55.52,0,1937,76,"Higher",21.13,"non-UAE citizen","UAE"
164.36,67.01,0,2014,67,"Higher",24.81,"non-UAE citizen","UAE"
182.5,80.03,1,1990,51,"Higher",24.03,"UAE citizen","UAE"
191.38,75.89,0,1940,26,"Only secondary",20.72,"non-UAE citizen","UAE"
131.67,28.54,1,2018,11,"Primary",16.46,"non-UAE citizen","UAE"
158.47,65.84,0,1946,67,"Higher",26.22,"non-UAE citizen","UAE"
192.64,70.77,1,1964,93,"Higher",19.07,"UAE citizen","UAE"
162.92,46.8,1,1992,14,"Secondary",17.63,"non-UAE citizen","UAE"
177.27,86.63,1,2008,90,"Higher",27.57,"non-UAE citizen","UAE"
134.88,38.42,1,2003,9,"Primary",21.12,"non-UAE citizen","UAE"
147.76,59.38,1,2001,68,"Only secondary",27.2,"non-UAE citizen","UAE"
200.78,64.24,1,1932,85,"Only secondary",15.94,"non-UAE citizen","UAE"
143.96,61.47,0,1988,100,"Only primary",29.66,"non-UAE citizen","UAE"
177.6,85.82,1,1943,80,"Higher",27.21,"non-UAE citizen","UAE"
189.73,65.38,1,1932,62,"Higher",18.16,"non-UAE citizen","UAE"
154.42,86.59,1,1998,52,"Higher",36.31,"non-UAE citizen","UAE"
150.91,74.72,0,1973,37,"Only primary",32.81,"non-UAE citizen","UAE"
159.19,61.46,0,1977,30,"Only primary",24.25,"non-UAE citizen","UAE"
129.54,30.03,1,1951,11,"Primary",17.9,"non-UAE citizen","UAE"
184.78,66.75,0,1997,55,"Only kindergarten",19.55,"UAE citizen","UAE"
157.16,84.71,1,1967,65,"Higher",34.3,"non-UAE citizen","UAE"
152.15,74.56,0,2002,69,"Only kindergarten",32.21,"non-UAE citizen","UAE"
182.86,57.85,1,1943,46,"Only secondary",17.3,"non-UAE citizen","UAE"
188.4,107.36,1,1946,81,"Higher",30.25,"non-UAE citizen","UAE"
108.08,23.97,0,2009,9,"Primary",20.52,"UAE citizen","UAE"
195.69,70.31,1,1998,71,"Only secondary",18.36,"UAE citizen","UAE"
167.89,84.81,1,2011,54,"Only secondary",30.09,"non-UAE citizen","UAE"
156.75,75.78,0,1995,56,"Only secondary",30.84,"non-UAE citizen","UAE"
166.77,69.36,1,1961,64,"Higher",24.94,"non-UAE citizen","UAE"
161.81,74.09,1,1964,46,"Higher",28.3,"non-UAE citizen","UAE"
130.49,25.93,1,2024,11,"Primary",15.23,"UAE citizen","UAE"
157.07,69.43,0,1929,22,"Only kindergarten",28.14,"non-UAE citizen","UAE"
175.13,82.26,1,1998,18,"Secondary",26.82,"non-UAE citizen","UAE"
177.97,92.25,1,1980,18,"Secondary",29.13,"non-UAE citizen","UAE"
189.24,77.34,1,2006,100,"Higher",21.6,"non-UAE citizen","UAE"
161.38,73.05,1,1995,81,"Only primary",28.05,"non-UAE citizen","UAE"
164.21,67.12,0,2009,80,"Only primary",24.89,"non-UAE citizen","UAE"
179.89,63.69,0,1965,91,"Higher",19.68,"non-UAE citizen","UAE"
176.44,77.64,1,1953,63,"Only primary",24.94,"non-UAE citizen","UAE"
157.01,62.88,0,1964,34,"Only kindergarten",25.51,"non-UAE citizen","UAE"
120.34,16.18,0,1934,7,"Primary",11.17,"non-UAE citizen","UAE"
166.02,76.88,1,2009,91,"Higher",27.89,"non-UAE citizen","UAE"
163.65,72.58,0,1942,50,"Higher",27.1,"non-UAE citizen","UAE"
186.11,84.35,1,1971,51,"Higher",24.35,"non-UAE citizen","UAE"
157.66,52.82,0,1958,13,"Secondary",21.25,"non-UAE citizen","UAE"
176.91,71.81,1,1926,49,"Only secondary",22.94,"non-UAE citizen","UAE"
153.05,50.17,0,2008,14,"Secondary",21.42,"non-UAE citizen","UAE"
159.47,49.76,0,2017,33,"Only primary",19.57,"UAE citizen","UAE"
152.27,66.1,0,2005,72,"Higher",28.51,"non-UAE citizen","UAE"
170.81,40,0,1979,16,"Secondary",13.71,"non-UAE citizen","UAE"
156.41,76.99,1,1994,61,"Only secondary",31.47,"non-UAE citizen","UAE"
172.47,57.14,0,1951,73,"Only primary",19.21,"non-UAE citizen","UAE"
173.67,63.93,0,2024,78,"Higher",21.2,"non-UAE citizen","UAE"
156.81,58.74,1,1926,12,"Secondary",23.89,"non-UAE citizen","UAE"
126.95,70.31,0,1974,50,"Only kindergarten",43.63,"non-UAE citizen","UAE"
129.5,30.81,1,1978,6,"Primary",18.37,"UAE citizen","UAE"
173.14,73.53,1,1957,21,"Higher",24.53,"non-UAE citizen","UAE"
176.69,66.18,1,1988,76,"Only secondary",21.2,"non-UAE citizen","UAE"
195.29,82.72,1,1980,93,"Only secondary",21.69,"non-UAE citizen","UAE"
167.56,45.42,1,1978,15,"Secondary",16.18,"UAE citizen","UAE"
173.57,61.7,1,1979,37,"Only secondary",20.48,"non-UAE citizen","UAE"
155.48,86.45,1,2005,39,"Only secondary",35.76,"UAE citizen","UAE"
157.98,66.59,1,2021,39,"Only secondary",26.68,"UAE citizen","UAE"
165.55,64.4,1,1980,33,"Only secondary",23.5,"non-UAE citizen","UAE"
161.99,68.44,0,1988,61,"Higher",26.08,"non-UAE citizen","UAE"
103.88,13.95,1,2022,2,"None",12.93,"non-UAE citizen","UAE"
166.24,70.41,1,2002,39,"Higher",25.48,"non-UAE citizen","UAE"
165.49,68.67,1,2020,37,"Higher",25.07,"non-UAE citizen","UAE"
181.25,81.48,1,1987,41,"Only kindergarten",24.8,"non-UAE citizen","UAE"
157.84,80.28,0,2006,40,"Only primary",32.22,"non-UAE citizen","UAE"
188.01,76.09,1,2016,87,"Only secondary",21.53,"non-UAE citizen","UAE"
175.55,61.81,1,1990,100,"Only secondary",20.06,"non-UAE citizen","UAE"
149.36,79.19,0,2008,38,"Only primary",35.5,"non-UAE citizen","UAE"
141.29,76.57,0,1960,54,"Only kindergarten",38.36,"non-UAE citizen","UAE"
166.02,77.2,1,1987,68,"Only secondary",28.01,"non-UAE citizen","UAE"
159.57,79.13,1,1985,20,"Higher",31.08,"non-UAE citizen","UAE"
183.82,62.57,1,1940,74,"Only kindergarten",18.52,"non-UAE citizen","UAE"
142.05,68.95,0,2017,39,"Higher",34.17,"non-UAE citizen","UAE"
175.16,63.82,0,1992,34,"Higher",20.8,"non-UAE citizen","UAE"
161.49,82.53,0,1936,44,"Only secondary",31.65,"non-UAE citizen","UAE"
174.68,69.2,1,2003,29,"Only secondary",22.68,"non-UAE citizen","UAE"
211.58,75.15,1,1927,50,"Only kindergarten",16.79,"non-UAE citizen","UAE"
173.73,76.37,1,1926,90,"Only secondary",25.3,"non-UAE citizen","UAE"
194.93,79.39,1,1964,69,"Only kindergarten",20.89,"non-UAE citizen","UAE"
186.83,81.84,1,1953,98,"Only primary",23.45,"non-UAE citizen","UAE"
152.92,65.3,0,1947,86,"Only primary",27.92,"non-UAE citizen","UAE"
176.76,79.24,1,1932,100,"Only secondary",25.36,"UAE citizen","UAE"
154.83,69.51,1,1998,58,"Only kindergarten",29,"non-UAE citizen","UAE"
104.9,22.94,1,1969,1,"None",20.85,"non-UAE citizen","UAE"
150.23,74.4,0,2024,100,"Higher",32.97,"non-UAE citizen","UAE"
177.8,77.88,1,2020,84,"Higher",24.64,"non-UAE citizen","UAE"
142.28,85.29,1,2009,18,"Secondary",42.13,"non-UAE citizen","UAE"
174.45,66.38,1,1934,27,"Higher",21.81,"non-UAE citizen","UAE"
146.69,85.05,1,1974,85,"Only secondary",39.53,"non-UAE citizen","UAE"
184.74,62.19,1,1935,30,"Higher",18.22,"non-UAE citizen","UAE"
177.91,84.64,1,1949,22,"Only secondary",26.74,"non-UAE citizen","UAE"
173.57,78.06,1,1975,98,"Only kindergarten",25.91,"non-UAE citizen","UAE"
154.5,74.75,0,2004,76,"Only secondary",31.32,"non-UAE citizen","UAE"
168.35,104.71,1,1957,80,"Only kindergarten",36.95,"non-UAE citizen","UAE"
112.52,30.03,0,1994,9,"Primary",23.72,"non-UAE citizen","UAE"
103.91,14.41,0,1987,5,"Kindergarten",13.35,"non-UAE citizen","UAE"
157.97,50.08,1,2015,13,"Secondary",20.07,"non-UAE citizen","UAE"
185.25,87.3,1,1956,68,"Higher",25.44,"non-UAE citizen","UAE"
155.01,45.68,0,2013,13,"Secondary",19.01,"non-UAE citizen","UAE"
172.89,64.06,0,1980,23,"Only primary",21.43,"UAE citizen","UAE"
181.93,55.5,0,1950,82,"Only secondary",16.77,"non-UAE citizen","UAE"
146.52,65.15,0,2017,49,"Higher",30.35,"non-UAE citizen","UAE"
152.45,76.25,1,1930,36,"Only primary",32.81,"non-UAE citizen","UAE"
174.33,75.72,1,1956,43,"Only primary",24.92,"non-UAE citizen","UAE"
127.32,34.6,0,1941,11,"Primary",21.34,"non-UAE citizen","UAE"
107.11,25.99,1,1927,1,"None",22.65,"non-UAE citizen","UAE"
188.78,76.78,1,1967,76,"Higher",21.54,"non-UAE citizen","UAE"
170.41,78.91,1,1977,20,"Higher",27.17,"non-UAE citizen","UAE"
168.13,52.72,0,1962,80,"Higher",18.65,"non-UAE citizen","UAE"
169.47,73.37,1,2007,63,"Only kindergarten",25.55,"UAE citizen","UAE"
175.53,55.44,1,1986,54,"Only kindergarten",17.99,"UAE citizen","UAE"
159.4,71.38,1,1976,82,"Only kindergarten",28.09,"non-UAE citizen","UAE"
163.7,51.26,0,1976,90,"Higher",19.13,"non-UAE citizen","UAE"
154.28,76.1,1,2018,54,"Higher",31.97,"non-UAE citizen","UAE"
174.63,78.67,1,1995,59,"Only secondary",25.8,"non-UAE citizen","UAE"
141.96,72.65,1,1945,93,"Only kindergarten",36.05,"non-UAE citizen","UAE"
176.94,82.05,1,1926,44,"Higher",26.21,"non-UAE citizen","UAE"
168.27,71.27,1,1929,20,"Higher",25.17,"non-UAE citizen","UAE"
108.88,21.28,0,2011,4,"Kindergarten",17.95,"non-UAE citizen","UAE"
138.57,62.3,0,1988,68,"Higher",32.45,"non-UAE citizen","UAE"
175.82,57.57,1,1955,14,"Secondary",18.62,"non-UAE citizen","UAE"
180.84,66.04,1,1925,44,"Higher",20.19,"non-UAE citizen","UAE"
131.98,26.25,1,1974,7,"Primary",15.07,"non-UAE citizen","UAE"
169.56,62.49,0,1971,60,"Only secondary",21.74,"non-UAE citizen","UAE"
127.72,22.49,1,2024,11,"Primary",13.79,"non-UAE citizen","UAE"
131.92,36.77,1,1949,9,"Primary",21.13,"non-UAE citizen","UAE"
163.61,86.63,1,1971,22,"Higher",32.36,"non-UAE citizen","UAE"
167.97,83.51,1,1995,96,"Only primary",29.6,"UAE citizen","UAE"
167.5,82.93,1,1953,60,"Only secondary",29.56,"UAE citizen","UAE"
134.84,63.81,0,1961,49,"Only primary",35.1,"UAE citizen","UAE"
98.31,17.41,1,1943,4,"Kindergarten",18.01,"UAE citizen","UAE"
164.69,78.86,0,1994,49,"Only secondary",29.08,"UAE citizen","UAE"
181.18,65.19,1,2003,15,"Secondary",19.86,"non-UAE citizen","UAE"
133.66,58.64,0,1939,31,"Only secondary",32.82,"non-UAE citizen","UAE"
148.66,64.99,0,2020,97,"Only primary",29.41,"non-UAE citizen","UAE"
167.87,82.38,1,1998,65,"Higher",29.23,"UAE citizen","UAE"
162.97,74.46,1,1971,51,"Only secondary",28.04,"non-UAE citizen","UAE"
179.58,77.56,1,2025,50,"Higher",24.05,"non-UAE citizen","UAE"
162.5,68.97,1,1983,35,"Only kindergarten",26.12,"non-UAE citizen","UAE"
174.8,66.79,1,1947,29,"Only secondary",21.86,"UAE citizen","UAE"
169.8,58.89,0,1950,50,"Higher",20.43,"non-UAE citizen","UAE"
196.06,71.35,1,2019,95,"Higher",18.56,"non-UAE citizen","UAE"
165.54,65.28,1,1972,100,"Only secondary",23.82,"UAE citizen","UAE"
164.19,72.06,0,1952,21,"Higher",26.73,"non-UAE citizen","UAE"
165.07,72.17,1,2023,72,"Only kindergarten",26.49,"non-UAE citizen","UAE"
170.16,74,0,1999,92,"Only secondary",25.56,"non-UAE citizen","UAE"
129.76,38.4,1,1992,10,"Primary",22.81,"non-UAE citizen","UAE"
179.75,76.07,1,1994,53,"Only primary",23.54,"non-UAE citizen","UAE"
150.25,85.19,1,1926,48,"Only secondary",37.74,"non-UAE citizen","UAE"
128.97,57.59,0,1934,40,"Only secondary",34.62,"UAE citizen","UAE"
159.69,79.19,1,1995,91,"Only primary",31.05,"non-UAE citizen","UAE"
153.57,81.01,1,1962,25,"Only primary",34.35,"non-UAE citizen","UAE"
152.78,65.32,0,1969,82,"Only secondary",27.98,"UAE citizen","UAE"
162.52,89.89,1,1943,67,"Higher",34.03,"non-UAE citizen","UAE"
135.43,54.93,0,2023,48,"Higher",29.95,"UAE citizen","UAE"
132.1,27.18,1,1964,9,"Primary",15.58,"non-UAE citizen","UAE"
172.41,71.88,1,1958,33,"Higher",24.18,"UAE citizen","UAE"
136.76,62.89,0,1941,35,"Higher",33.63,"non-UAE citizen","UAE"
178.81,63.1,1,2025,50,"Only secondary",19.74,"UAE citizen","UAE"
140.57,60.15,0,1991,69,"Only secondary",30.44,"non-UAE citizen","UAE"
166.24,76.34,1,1985,27,"Higher",27.62,"non-UAE citizen","UAE"
126.4,39.45,1,1937,11,"Primary",24.69,"non-UAE citizen","UAE"
169.21,74.92,1,1980,45,"Only primary",26.17,"non-UAE citizen","UAE"
171.3,78.11,1,2013,23,"Only primary",26.62,"non-UAE citizen","UAE"
146.57,86.31,1,1927,76,"Only secondary",40.18,"non-UAE citizen","UAE"
139.68,61,0,1934,47,"Only secondary",31.27,"non-UAE citizen","UAE"
148.37,63.05,1,1941,15,"Secondary",28.64,"non-UAE citizen","UAE"
204.07,85.49,1,2009,98,"Only kindergarten",20.53,"non-UAE citizen","UAE"
161.2,85.03,1,1929,94,"Only secondary",32.72,"non-UAE citizen","UAE"
179.18,74.71,1,2012,98,"Only kindergarten",23.27,"UAE citizen","UAE"
176.24,83.43,0,1969,80,"Only primary",26.86,"non-UAE citizen","UAE"
196.8,74.95,1,1986,96,"Only secondary",19.35,"non-UAE citizen","UAE"
187.32,65.31,0,1952,33,"Only secondary",18.61,"UAE citizen","UAE"
169.64,72.46,0,1960,81,"Only secondary",25.18,"non-UAE citizen","UAE"
166.95,57.72,0,1973,28,"Higher",20.71,"non-UAE citizen","UAE"
176.36,58.06,1,1952,71,"Higher",18.67,"non-UAE citizen","UAE"
159.12,65.65,1,2013,70,"Only secondary",25.93,"non-UAE citizen","UAE"
160.25,69.53,0,1955,29,"Higher",27.08,"non-UAE citizen","UAE"
136.47,74.79,1,1988,86,"Only kindergarten",40.16,"non-UAE citizen","UAE"
177.29,40.17,0,1959,45,"Only primary",12.78,"non-UAE citizen","UAE"
132.24,26.55,0,2009,8,"Primary",15.18,"non-UAE citizen","UAE"
168.43,71.32,1,1986,41,"Only kindergarten",25.14,"non-UAE citizen","UAE"
160.49,52.39,0,1933,12,"Secondary",20.34,"non-UAE citizen","UAE"
165.29,64.33,1,1970,24,"Higher",23.55,"UAE citizen","UAE"
168.74,75.63,0,2015,66,"Higher",26.56,"UAE citizen","UAE"
164.87,75.13,1,1928,94,"Only secondary",27.64,"non-UAE citizen","UAE"
209.2,83.87,1,2018,44,"Higher",19.16,"non-UAE citizen","UAE"
178.91,67.78,1,1972,68,"Higher",21.18,"non-UAE citizen","UAE"
180.07,59.74,0,1990,18,"Secondary",18.42,"UAE citizen","UAE"
168.29,56.6,1,1989,15,"Secondary",19.98,"non-UAE citizen","UAE"
169.54,70.8,1,1932,76,"Only secondary",24.63,"non-UAE citizen","UAE"
172,62.5,1,2022,21,"Higher",21.13,"non-UAE citizen","UAE"
179.17,71.9,0,2002,41,"Only primary",22.4,"non-UAE citizen","UAE"
196.42,71.26,1,1934,56,"Only primary",18.47,"non-UAE citizen","UAE"
169.78,62.05,1,1932,58,"Only secondary",21.53,"non-UAE citizen","UAE"
170.73,54.04,0,2015,18,"Secondary",18.54,"non-UAE citizen","UAE"
188.09,94.02,1,1985,44,"Only kindergarten",26.58,"UAE citizen","UAE"
173.16,89.4,1,1925,35,"Only kindergarten",29.82,"non-UAE citizen","UAE"
171.76,80.42,0,1934,65,"Higher",27.26,"non-UAE citizen","UAE"
108.75,11.69,0,2002,4,"Kindergarten",9.88,"non-UAE citizen","UAE"
168.89,69.03,0,1932,43,"Higher",24.2,"UAE citizen","UAE"
143.86,82.24,1,1983,95,"Only secondary",39.74,"non-UAE citizen","UAE"
147.69,42.66,0,1927,24,"Only primary",19.56,"non-UAE citizen","UAE"
158.45,69.28,1,1977,85,"Higher",27.59,"non-UAE citizen","UAE"
199.27,76.24,1,1927,94,"Only secondary",19.2,"non-UAE citizen","UAE"
189.58,65.98,1,1952,58,"Only secondary",18.36,"UAE citizen","UAE"
186.75,77.92,1,1986,32,"Only primary",22.34,"non-UAE citizen","UAE"
150.03,81.93,1,1999,19,"Only secondary",36.4,"non-UAE citizen","UAE"
159.03,81.04,1,2022,100,"Higher",32.04,"non-UAE citizen","UAE"
178.93,78.41,1,2010,93,"Only secondary",24.49,"UAE citizen","UAE"
180.22,81.07,1,1959,81,"Higher",24.96,"non-UAE citizen","UAE"
155.31,83.03,0,2024,82,"Only kindergarten",34.42,"non-UAE citizen","UAE"
131.49,34.88,1,1968,6,"Primary",20.17,"non-UAE citizen","UAE"
180.49,70.91,1,1931,43,"Only secondary",21.77,"non-UAE citizen","UAE"
207.77,75.89,1,2023,72,"Higher",17.58,"non-UAE citizen","UAE"
165.08,53.42,0,1933,78,"Only secondary",19.6,"non-UAE citizen","UAE"
151.86,71.01,0,1944,50,"Higher",30.79,"non-UAE citizen","UAE"
173.99,54.37,0,1985,93,"Higher",17.96,"non-UAE citizen","UAE"
170.77,68.25,1,1964,59,"Only primary",23.4,"non-UAE citizen","UAE"
146.33,76.15,0,1952,38,"Only primary",35.56,"non-UAE citizen","UAE"
197.31,64.55,1,1997,41,"Only kindergarten",16.58,"non-UAE citizen","UAE"
171.65,71.5,1,1955,60,"Only secondary",24.27,"UAE citizen","UAE"
170.25,46.01,0,1935,40,"Only secondary",15.87,"non-UAE citizen","UAE"
177.42,62.25,1,1938,50,"Only primary",19.78,"non-UAE citizen","UAE"
184.43,65.82,1,2023,87,"Only secondary",19.35,"non-UAE citizen","UAE"
154.14,64.02,0,1939,19,"Only secondary",26.95,"non-UAE citizen","UAE"
214.51,60.5,1,1943,66,"Higher",13.15,"non-UAE citizen","UAE"
152.71,79.59,1,1957,71,"Only kindergarten",34.13,"non-UAE citizen","UAE"
181.08,73.85,0,1942,18,"Secondary",22.52,"UAE citizen","UAE"
160.19,80.9,0,1958,38,"Higher",31.53,"non-UAE citizen","UAE"
143.71,64.78,0,2022,19,"Only secondary",31.37,"non-UAE citizen","UAE"
185.18,74.98,1,1969,40,"Only secondary",21.87,"non-UAE citizen","UAE"
180.95,88.27,1,1977,35,"Only primary",26.96,"non-UAE citizen","UAE"
170.12,70.63,0,1947,86,"Only secondary",24.4,"non-UAE citizen","UAE"
178.28,57.84,1,2012,40,"Higher",18.2,"non-UAE citizen","UAE"
149.92,79.61,1,1998,19,"Higher",35.42,"non-UAE citizen","UAE"
183.53,65.4,1,1980,97,"Only primary",19.42,"non-UAE citizen","UAE"
180.99,74.42,1,1984,86,"Only primary",22.72,"non-UAE citizen","UAE"
179.68,81.21,1,1936,62,"Only secondary",25.15,"non-UAE citizen","UAE"
167.18,81.84,1,1940,87,"Only primary",29.28,"non-UAE citizen","UAE"
163.75,76.31,1,1998,45,"Only primary",28.46,"non-UAE citizen","UAE"
162.94,79.19,1,1966,84,"Higher",29.83,"non-UAE citizen","UAE"
166.63,68.25,1,2021,77,"Higher",24.58,"non-UAE citizen","UAE"
189.65,72.88,1,1985,73,"Higher",20.26,"non-UAE citizen","UAE"
192.09,65.32,0,1968,87,"Only primary",17.7,"non-UAE citizen","UAE"
201.18,84.61,1,1964,42,"Only primary",20.91,"non-UAE citizen","UAE"
144.21,75.02,0,1952,89,"Higher",36.07,"non-UAE citizen","UAE"
184.8,80.79,1,1964,58,"Only secondary",23.66,"non-UAE citizen","UAE"
197.47,75.16,1,2000,72,"Only secondary",19.27,"non-UAE citizen","UAE"
174.35,67.15,1,1984,19,"Higher",22.09,"non-UAE citizen","UAE"
161.38,67.28,1,1976,55,"Higher",25.83,"non-UAE citizen","UAE"
159.71,68.35,0,1986,80,"Only secondary",26.8,"non-UAE citizen","UAE"
165.22,62.51,0,1995,65,"Only secondary",22.9,"non-UAE citizen","UAE"
187.14,87.55,1,1954,68,"Only kindergarten",25,"UAE citizen","UAE"
159.66,66.6,0,1986,19,"Only secondary",26.13,"non-UAE citizen","UAE"
136.2,23.98,1,1959,8,"Primary",12.93,"non-UAE citizen","UAE"
146.77,66.1,0,1940,30,"Only secondary",30.69,"UAE citizen","UAE"
173.57,67.27,1,2002,80,"Higher",22.33,"UAE citizen","UAE"
185.02,52.8,0,1941,21,"Only kindergarten",15.42,"non-UAE citizen","UAE"
146.91,56.33,0,1962,77,"Only secondary",26.1,"non-UAE citizen","UAE"
190.48,68.98,1,1992,30,"Only primary",19.01,"UAE citizen","UAE"
102.85,20.53,1,1951,1,"None",19.41,"non-UAE citizen","UAE"
114.66,14.82,0,1938,5,"Kindergarten",11.27,"non-UAE citizen","UAE"
184.34,71.93,0,2017,60,"Only primary",21.17,"non-UAE citizen","UAE"
158.25,67.24,1,2021,93,"Higher",26.85,"non-UAE citizen","UAE"
147.59,62.9,0,1987,82,"Higher",28.88,"non-UAE citizen","UAE"
156.03,68.54,1,1976,39,"Only secondary",28.15,"UAE citizen","UAE"
143.87,60.41,0,2004,39,"Higher",29.19,"UAE citizen","UAE"
172.05,78.07,1,1993,47,"Higher",26.37,"non-UAE citizen","UAE"
173.77,60.97,0,2008,29,"Higher",20.19,"UAE citizen","UAE"
144.91,71.28,0,1956,20,"Only kindergarten",33.94,"non-UAE citizen","UAE"
164.02,72.33,1,1948,81,"Higher",26.89,"non-UAE citizen","UAE"
144.83,47.11,0,1927,14,"Secondary",22.46,"non-UAE citizen","UAE"
144.66,68.31,0,1948,35,"Only kindergarten",32.64,"non-UAE citizen","UAE"
165.53,78.47,1,1965,86,"Only secondary",28.64,"non-UAE citizen","UAE"
158.96,97.04,1,1954,95,"Only primary",38.4,"non-UAE citizen","UAE"
163.9,77.32,1,1931,38,"Higher",28.78,"non-UAE citizen","UAE"
170.67,93.77,1,1956,67,"Only primary",32.19,"UAE citizen","UAE"
169.6,83.09,1,1932,21,"Higher",28.89,"non-UAE citizen","UAE"
164.44,67.45,0,1967,94,"Higher",24.94,"non-UAE citizen","UAE"
154.21,51.78,0,2009,60,"Only primary",21.77,"UAE citizen","UAE"
153.56,59.8,0,1962,16,"Secondary",25.36,"UAE citizen","UAE"
177.55,81.94,1,1987,29,"Only secondary",25.99,"non-UAE citizen","UAE"
151.89,85.85,1,2022,55,"Higher",37.21,"non-UAE citizen","UAE"
103.52,28.99,0,1931,4,"Kindergarten",27.05,"non-UAE citizen","UAE"
183.64,78.57,0,1943,71,"Only secondary",23.3,"UAE citizen","UAE"
201.71,92.32,1,1985,29,"Only kindergarten",22.69,"non-UAE citizen","UAE"
196.83,79.94,1,1967,80,"Higher",20.63,"non-UAE citizen","UAE"
162.52,86.21,1,2004,83,"Higher",32.64,"non-UAE citizen","UAE"
167.3,63.7,1,1929,65,"Higher",22.76,"non-UAE citizen","UAE"
166.31,55.2,0,1976,97,"Only kindergarten",19.96,"non-UAE citizen","UAE"
141.36,42.55,0,1989,68,"Only secondary",21.29,"non-UAE citizen","UAE"
174.8,94.95,1,1959,79,"Higher",31.08,"non-UAE citizen","UAE"
104.49,18.26,1,1973,2,"None",16.72,"non-UAE citizen","UAE"
154.55,69.6,1,1958,15,"Secondary",29.14,"non-UAE citizen","UAE"
174.68,65.96,1,2019,73,"Only secondary",21.62,"non-UAE citizen","UAE"
115.93,25.79,0,1978,1,"None",19.19,"non-UAE citizen","UAE"
179.81,69.25,0,1940,85,"Only kindergarten",21.42,"non-UAE citizen","UAE"
186.42,72.47,1,1952,66,"Only secondary",20.85,"non-UAE citizen","UAE"
123.98,29.22,1,1985,10,"Primary",19.01,"UAE citizen","UAE"
158.05,58.22,1,1930,83,"Higher",23.31,"non-UAE citizen","UAE"
162.56,73.42,1,1964,91,"Only kindergarten",27.78,"non-UAE citizen","UAE"
167.12,70.6,1,1960,74,"Only secondary",25.28,"non-UAE citizen","UAE"
103.03,20.35,1,1957,1,"None",19.17,"non-UAE citizen","UAE"
170.81,90.51,1,2019,30,"Higher",31.02,"non-UAE citizen","UAE"
119,37.13,0,1945,10,"Primary",26.22,"non-UAE citizen","UAE"
168.77,79.7,0,1931,67,"Higher",27.98,"UAE citizen","UAE"
169.9,74.45,1,1944,19,"Higher",25.79,"UAE citizen","UAE"
147.25,46.75,0,1964,89,"Only kindergarten",21.56,"non-UAE citizen","UAE"
164.52,88.13,1,1931,63,"Higher",32.56,"non-UAE citizen","UAE"
166.2,72.7,1,1936,85,"Higher",26.32,"non-UAE citizen","UAE"
164.5,77.08,1,1979,88,"Only kindergarten",28.48,"non-UAE citizen","UAE"
165.35,74.18,1,1951,29,"Higher",27.13,"non-UAE citizen","UAE"
172.06,55.03,1,1990,12,"Secondary",18.59,"UAE citizen","UAE"
187.32,80.79,1,2010,56,"Only primary",23.02,"non-UAE citizen","UAE"
151.37,76.28,1,1935,37,"Higher",33.29,"non-UAE citizen","UAE"
195.17,59.11,1,1974,58,"Higher",15.52,"non-UAE citizen","UAE"
159,75.24,0,1938,76,"Only secondary",29.76,"non-UAE citizen","UAE"
173.77,59.49,0,2015,71,"Higher",19.7,"non-UAE citizen","UAE"
143.87,65.01,0,1986,63,"Only secondary",31.41,"non-UAE citizen","UAE"
175.36,96.71,1,2019,89,"Only secondary",31.45,"non-UAE citizen","UAE"
114.73,26.22,0,1963,5,"Kindergarten",19.92,"non-UAE citizen","UAE"
159.68,68.59,0,1959,100,"Higher",26.9,"non-UAE citizen","UAE"
150.7,78.35,1,1984,59,"Only kindergarten",34.5,"non-UAE citizen","UAE"
138.93,74.8,0,1944,76,"Higher",38.75,"non-UAE citizen","UAE"
157.46,81.36,1,1982,47,"Only secondary",32.81,"non-UAE citizen","UAE"
145.6,55.42,0,1927,29,"Only secondary",26.14,"non-UAE citizen","UAE"
163.8,84.65,0,1983,84,"Higher",31.55,"non-UAE citizen","UAE"
154.8,65.08,0,1992,89,"Only primary",27.16,"non-UAE citizen","UAE"
154.94,69.26,0,1928,44,"Higher",28.85,"non-UAE citizen","UAE"
158.72,55.49,1,1944,13,"Secondary",22.03,"non-UAE citizen","UAE"
155.53,48.32,0,1926,72,"Only secondary",19.98,"non-UAE citizen","UAE"
180.36,64.07,1,1957,42,"Higher",19.7,"UAE citizen","UAE"
179.96,86.03,1,2019,20,"Higher",26.56,"non-UAE citizen","UAE"
176.2,66.49,1,2025,38,"Higher",21.42,"non-UAE citizen","UAE"
170.27,70.22,1,1981,26,"Only secondary",24.22,"non-UAE citizen","UAE"
160.68,81.48,1,1965,18,"Secondary",31.56,"UAE citizen","UAE"
161.55,75.3,1,1926,21,"Higher",28.85,"UAE citizen","UAE"
180.4,71.03,1,1999,69,"Higher",21.83,"non-UAE citizen","UAE"
111.81,85.75,1,1996,84,"Higher",68.59,"non-UAE citizen","UAE"
160.49,88.09,1,1963,35,"Only secondary",34.2,"UAE citizen","UAE"
164.21,56.71,0,1994,96,"Only secondary",21.03,"non-UAE citizen","UAE"
123.31,88.62,0,2001,89,"Only primary",58.28,"non-UAE citizen","UAE"
129.71,65.47,0,1948,21,"Higher",38.91,"non-UAE citizen","UAE"
172.39,64.94,0,1982,31,"Only secondary",21.85,"non-UAE citizen","UAE"
169.13,88.6,1,1974,41,"Higher",30.97,"non-UAE citizen","UAE"
131.45,31.05,1,1981,10,"Primary",17.97,"non-UAE citizen","UAE"
177.69,62.95,1,2013,97,"Higher",19.94,"non-UAE citizen","UAE"
164.23,58.99,0,2024,31,"Higher",21.87,"non-UAE citizen","UAE"
155.83,46.49,0,1933,15,"Secondary",19.15,"non-UAE citizen","UAE"
166.31,65.12,1,1935,31,"Higher",23.54,"non-UAE citizen","UAE"
178.27,81.74,1,1971,55,"Only secondary",25.72,"UAE citizen","UAE"
130.17,35.29,1,1998,6,"Primary",20.83,"non-UAE citizen","UAE"
160.15,67.47,0,1938,67,"Higher",26.31,"UAE citizen","UAE"
177.25,69.55,1,2020,85,"Only kindergarten",22.14,"non-UAE citizen","UAE"
140.02,73.1,0,1948,95,"Higher",37.29,"non-UAE citizen","UAE"
190.13,70.46,1,1944,25,"Higher",19.49,"UAE citizen","UAE"
177.35,76.76,1,2005,48,"Only secondary",24.4,"non-UAE citizen","UAE"
158.7,59.21,1,2024,95,"Only secondary",23.51,"UAE citizen","UAE"
148.44,86.9,0,1969,86,"Only secondary",39.44,"non-UAE citizen","UAE"
191.24,76.32,1,1985,98,"Higher",20.87,"non-UAE citizen","UAE"
150.4,66.02,0,1994,33,"Only kindergarten",29.19,"UAE citizen","UAE"
167.32,69.97,1,1946,40,"Only kindergarten",24.99,"non-UAE citizen","UAE"
183.63,81.33,1,1955,62,"Only primary",24.12,"non-UAE citizen","UAE"
183.19,71.35,0,2019,44,"Only primary",21.26,"non-UAE citizen","UAE"
141.5,79.4,0,2025,50,"Higher",39.66,"non-UAE citizen","UAE"
175.19,93.94,1,1995,63,"Higher",30.61,"non-UAE citizen","UAE"
186.62,69.13,1,1933,41,"Higher",19.85,"non-UAE citizen","UAE"
172.62,71.76,1,1975,64,"Higher",24.08,"non-UAE citizen","UAE"
153.42,61.04,0,1926,47,"Only secondary",25.93,"non-UAE citizen","UAE"
177.91,57.61,0,1981,37,"Only secondary",18.2,"non-UAE citizen","UAE"
135.02,74.9,0,1978,45,"Only primary",41.09,"non-UAE citizen","UAE"
156.3,77.95,1,2010,73,"Higher",31.91,"UAE citizen","UAE"
147.55,60.01,0,1956,53,"Higher",27.56,"non-UAE citizen","UAE"
165.13,73.62,1,1939,20,"Higher",27,"non-UAE citizen","UAE"
177.57,101.56,1,1966,26,"Only primary",32.21,"non-UAE citizen","UAE"
145.99,38.77,1,1965,70,"Higher",18.19,"UAE citizen","UAE"
182.91,84.71,1,1964,45,"Only secondary",25.32,"non-UAE citizen","UAE"
170.34,68.3,1,2007,86,"Only primary",23.54,"non-UAE citizen","UAE"
161.99,88.21,1,1993,52,"Only secondary",33.62,"non-UAE citizen","UAE"
150.06,61.11,0,2013,28,"Higher",27.14,"non-UAE citizen","UAE"
155.95,62.21,0,1995,72,"Only secondary",25.58,"non-UAE citizen","UAE"
146.59,65.69,0,1927,59,"Only secondary",30.57,"non-UAE citizen","UAE"
181.12,54.96,0,1990,41,"Only primary",16.75,"non-UAE citizen","UAE"
163.24,40.84,0,1940,29,"Only secondary",15.33,"non-UAE citizen","UAE"
157.17,46.59,0,1953,17,"Secondary",18.86,"non-UAE citizen","UAE"
168.62,77.58,0,1949,79,"Only secondary",27.29,"UAE citizen","UAE"
166.81,72.11,1,1973,77,"Only kindergarten",25.92,"non-UAE citizen","UAE"
177.45,92.88,1,2009,49,"Higher",29.5,"non-UAE citizen","UAE"
164.35,78.01,1,1959,42,"Higher",28.88,"non-UAE citizen","UAE"
157.52,75.45,1,2014,27,"Only secondary",30.41,"non-UAE citizen","UAE"
104.4,18.85,1,1992,1,"None",17.29,"UAE citizen","UAE"
128.47,30.56,1,1926,9,"Primary",18.52,"non-UAE citizen","UAE"
173.84,74.49,0,1989,81,"Only kindergarten",24.65,"non-UAE citizen","UAE"
187.9,92.9,1,1948,93,"Only secondary",26.31,"UAE citizen","UAE"
159.19,74.79,0,1953,60,"Only kindergarten",29.51,"non-UAE citizen","UAE"
161.05,73.2,0,1986,97,"Only secondary",28.22,"non-UAE citizen","UAE"
180,62.88,1,2025,46,"Only kindergarten",19.41,"non-UAE citizen","UAE"
103.42,74.02,0,1944,81,"Higher",69.21,"non-UAE citizen","UAE"
178.97,71.81,1,1943,88,"Only secondary",22.42,"non-UAE citizen","UAE"
146.39,81.72,0,1955,55,"Higher",38.13,"non-UAE citizen","UAE"
147.92,76.99,1,1971,56,"Higher",35.19,"non-UAE citizen","UAE"
164.91,66.41,1,2001,39,"Only primary",24.42,"non-UAE citizen","UAE"
201.44,87.42,1,2000,25,"Higher",21.54,"non-UAE citizen","UAE"
163.04,60.82,1,1925,86,"Higher",22.88,"non-UAE citizen","UAE"
160.52,70.63,1,1929,94,"Only secondary",27.41,"non-UAE citizen","UAE"
198.83,75.53,1,1941,21,"Higher",19.11,"non-UAE citizen","UAE"
153.83,60.66,0,1959,18,"Secondary",25.63,"UAE citizen","UAE"
177.82,64.96,0,1968,90,"Only secondary",20.54,"non-UAE citizen","UAE"
168.3,76.31,1,1943,100,"Only secondary",26.94,"non-UAE citizen","UAE"
186.82,82.94,1,1953,52,"Only secondary",23.76,"non-UAE citizen","UAE"
128.64,33.09,1,1968,11,"Primary",20,"non-UAE citizen","UAE"
143.26,68.69,1,1974,29,"Only secondary",33.47,"UAE citizen","UAE"
183.1,52.72,0,1933,26,"Higher",15.73,"UAE citizen","UAE"
155.02,55.31,1,2015,16,"Secondary",23.02,"UAE citizen","UAE"
159.73,47.74,0,2011,80,"Only primary",18.71,"non-UAE citizen","UAE"
132.44,36.61,1,1989,7,"Primary",20.87,"UAE citizen","UAE"
160.52,62.1,1,1930,66,"Only secondary",24.1,"non-UAE citizen","UAE"
105.98,16.87,1,1956,2,"None",15.02,"non-UAE citizen","UAE"
195.13,95.99,1,1993,77,"Only secondary",25.21,"non-UAE citizen","UAE"
105.82,15.28,0,1985,5,"Kindergarten",13.65,"UAE citizen","UAE"
164.24,59.21,0,1939,15,"Secondary",21.95,"UAE citizen","UAE"
103.24,24.53,1,2009,3,"Kindergarten",23.01,"non-UAE citizen","UAE"
180.66,61.67,0,2008,21,"Only kindergarten",18.9,"non-UAE citizen","UAE"
148.53,69.29,1,1961,53,"Only secondary",31.41,"non-UAE citizen","UAE"
162.59,59.76,0,1944,39,"Only secondary",22.61,"non-UAE citizen","UAE"
166.66,75.37,0,2014,100,"Higher",27.14,"non-UAE citizen","UAE"
157.11,70.38,0,2023,49,"Only primary",28.51,"non-UAE citizen","UAE"
108.68,26.32,0,1959,1,"None",22.28,"non-UAE citizen","UAE"
107.92,16.15,1,1958,1,"None",13.87,"non-UAE citizen","UAE"
165.67,81.48,1,2017,46,"Higher",29.69,"non-UAE citizen","UAE"
177.97,75.54,1,1954,68,"Only secondary",23.85,"non-UAE citizen","UAE"
140.55,69.37,0,1961,55,"Only primary",35.12,"non-UAE citizen","UAE"
189.27,69.62,1,2019,47,"Higher",19.43,"non-UAE citizen","UAE"
190.41,85.38,1,1996,75,"Only primary",23.55,"non-UAE citizen","UAE"
183.04,78.22,1,1965,96,"Only primary",23.35,"non-UAE citizen","UAE"
121.66,67.95,0,1955,57,"Only kindergarten",45.91,"non-UAE citizen","UAE"
174.9,83.76,1,2009,26,"Higher",27.38,"non-UAE citizen","UAE"
167.85,86.22,1,1934,83,"Only secondary",30.6,"non-UAE citizen","UAE"
160.84,63.02,1,1972,15,"Secondary",24.36,"non-UAE citizen","UAE"
161.85,77.91,1,1990,99,"Only secondary",29.74,"non-UAE citizen","UAE"
141.28,68.55,0,1998,54,"Higher",34.34,"non-UAE citizen","UAE"
103.02,16.39,0,1961,5,"None",15.44,"non-UAE citizen","UAE"
159.23,73.53,0,1932,89,"Higher",29,"UAE citizen","UAE"
135.07,36.04,1,2001,9,"Primary",19.75,"non-UAE citizen","UAE"
153.28,88.4,1,2004,70,"Higher",37.63,"non-UAE citizen","UAE"
166.93,75.7,1,1992,72,"Higher",27.17,"non-UAE citizen","UAE"
170.21,78.37,1,2007,35,"Higher",27.05,"non-UAE citizen","UAE"
126.2,28.53,0,2002,6,"Primary",17.91,"non-UAE citizen","UAE"
159.34,57.12,0,2006,54,"Higher",22.5,"non-UAE citizen","UAE"
183.23,84.4,1,2009,38,"Only secondary",25.14,"non-UAE citizen","UAE"
147.93,73.61,1,1983,63,"Only primary",33.64,"non-UAE citizen","UAE"
179.18,75.04,1,1958,79,"Higher",23.37,"non-UAE citizen","UAE"
146.93,91.77,1,1975,91,"Higher",42.51,"non-UAE citizen","UAE"
187.19,74.9,0,1935,50,"Higher",21.38,"non-UAE citizen","UAE"
168.58,70.83,0,1989,28,"Only secondary",24.92,"non-UAE citizen","UAE"
175.82,78.05,1,2000,95,"Only secondary",25.25,"non-UAE citizen","UAE"
184.95,72.25,1,1939,60,"Higher",21.12,"non-UAE citizen","UAE"
185.5,76.98,1,1939,97,"Only primary",22.37,"non-UAE citizen","UAE"
175.06,88.7,1,2013,60,"Only secondary",28.94,"non-UAE citizen","UAE"
198.67,97.12,1,1933,54,"Only primary",24.61,"non-UAE citizen","UAE"
194.41,53.78,1,1982,85,"Only primary",14.23,"non-UAE citizen","UAE"
167.53,93.18,1,1933,68,"Only primary",33.2,"non-UAE citizen","UAE"
152.38,77.97,1,2022,46,"Only primary",33.58,"non-UAE citizen","UAE"
163.9,71.12,1,1994,71,"Only secondary",26.47,"non-UAE citizen","UAE"
182.81,64.5,1,1994,55,"Only kindergarten",19.3,"non-UAE citizen","UAE"
139.33,72.03,0,1972,47,"Only secondary",37.1,"non-UAE citizen","UAE"
177.69,80.43,1,1993,100,"Only secondary",25.47,"non-UAE citizen","UAE"
145.86,70.31,1,2016,57,"Higher",33.05,"non-UAE citizen","UAE"
166.27,75.79,1,1958,59,"Higher",27.41,"non-UAE citizen","UAE"
126.07,25.21,1,1999,6,"Primary",15.86,"non-UAE citizen","UAE"
162.78,74.45,0,1925,88,"Higher",28.1,"UAE citizen","UAE"
164.85,69.24,1,2020,93,"Only secondary",25.48,"non-UAE citizen","UAE"
189.97,50.89,0,1945,56,"Only secondary",14.1,"non-UAE citizen","UAE"
154.79,61.43,1,1927,24,"Only secondary",25.64,"non-UAE citizen","UAE"
163.12,70.93,1,1999,71,"Only kindergarten",26.66,"non-UAE citizen","UAE"
169.44,71.21,0,2024,89,"Only kindergarten",24.8,"non-UAE citizen","UAE"
155.07,59.58,1,2008,14,"Secondary",24.78,"non-UAE citizen","UAE"
149.84,47.27,0,1929,71,"Higher",21.05,"non-UAE citizen","UAE"
184.73,103.54,1,1976,79,"Higher",30.34,"non-UAE citizen","UAE"
161.36,85.08,1,1993,23,"Only secondary",32.68,"non-UAE citizen","UAE"
149.04,59.33,0,1983,18,"Secondary",26.71,"UAE citizen","UAE"
181.16,61.17,1,2003,19,"Only kindergarten",18.64,"non-UAE citizen","UAE"
191.05,80.4,1,1956,85,"Only primary",22.03,"non-UAE citizen","UAE"
160.96,54.76,0,1953,83,"Only kindergarten",21.14,"non-UAE citizen","UAE"
139.33,39.37,0,1937,74,"Only secondary",20.28,"non-UAE citizen","UAE"
137.26,59,0,1988,15,"None",31.32,"non-UAE citizen","UAE"
151.45,57.82,1,1945,13,"Secondary",25.21,"non-UAE citizen","UAE"
178.66,61.17,1,2000,33,"Higher",19.16,"non-UAE citizen","UAE"
219.03,82.65,1,2020,18,"Secondary",17.23,"non-UAE citizen","UAE"
176.34,82.55,1,1998,97,"Only secondary",26.55,"non-UAE citizen","UAE"
168.8,67.19,0,1977,75,"Higher",23.58,"UAE citizen","UAE"
163.1,75.6,1,1931,85,"Only kindergarten",28.42,"non-UAE citizen","UAE"
161.39,77.58,1,1988,61,"Higher",29.78,"non-UAE citizen","UAE"
171.09,66.35,0,1951,38,"Higher",22.67,"non-UAE citizen","UAE"
155.16,60.1,1,1984,17,"Secondary",24.96,"non-UAE citizen","UAE"
162.44,81.47,1,1934,99,"Only secondary",30.88,"non-UAE citizen","UAE"
175.07,63.14,1,1925,77,"Only secondary",20.6,"non-UAE citizen","UAE"
171.92,71.26,1,1939,82,"Higher",24.11,"non-UAE citizen","UAE"
172.3,65.38,1,1926,48,"Higher",22.02,"non-UAE citizen","UAE"
176.66,82.38,1,1932,80,"Only primary",26.4,"non-UAE citizen","UAE"
161.27,56.58,0,2010,76,"Only primary",21.75,"non-UAE citizen","UAE"
177.92,78.54,1,1962,67,"Only secondary",24.81,"non-UAE citizen","UAE"
153.05,62.7,1,1935,46,"Higher",26.77,"non-UAE citizen","UAE"
154.25,76.78,1,1935,21,"Higher",32.27,"non-UAE citizen","UAE"
165.85,54.53,0,1932,90,"Only kindergarten",19.82,"non-UAE citizen","UAE"
171.73,71.7,1,1954,67,"Only secondary",24.31,"non-UAE citizen","UAE"
167.25,84.76,1,1954,73,"Higher",30.3,"non-UAE citizen","UAE"
167.44,82.46,1,1953,21,"Only secondary",29.41,"non-UAE citizen","UAE"
179.39,79.16,1,1949,77,"Only secondary",24.6,"non-UAE citizen","UAE"
155.24,75.95,1,1954,89,"Higher",31.52,"non-UAE citizen","UAE"
142.6,69.6,0,1929,94,"Only secondary",34.23,"UAE citizen","UAE"
180.78,67.21,0,1974,79,"Only kindergarten",20.57,"non-UAE citizen","UAE"
175.52,80.11,1,2004,28,"Higher",26,"non-UAE citizen","UAE"
155.68,73.08,1,2016,91,"Only kindergarten",30.15,"non-UAE citizen","UAE"
144.28,87.39,0,1980,29,"Only kindergarten",41.98,"non-UAE citizen","UAE"
175.3,69.09,0,1970,48,"Only kindergarten",22.48,"UAE citizen","UAE"
134.61,68.07,0,1994,25,"Higher",37.57,"non-UAE citizen","UAE"
154.83,57.15,0,1983,68,"Only secondary",23.84,"non-UAE citizen","UAE"
149.1,74.02,1,1939,38,"Higher",33.3,"non-UAE citizen","UAE"
162.03,75.26,1,1944,73,"Only kindergarten",28.67,"non-UAE citizen","UAE"
203.13,86.68,1,1928,65,"Higher",21.01,"non-UAE citizen","UAE"
163.83,58.32,1,1953,44,"Higher",21.73,"non-UAE citizen","UAE"
165.21,97.41,1,1939,53,"Only secondary",35.69,"non-UAE citizen","UAE"
191.11,72.41,1,1958,99,"Only kindergarten",19.83,"non-UAE citizen","UAE"
176.03,67.24,1,1940,66,"Only kindergarten",21.7,"non-UAE citizen","UAE"
128.12,32.41,1,1975,8,"Primary",19.74,"UAE citizen","UAE"
109.89,20.05,1,1929,1,"None",16.6,"UAE citizen","UAE"
131.72,75.48,0,2000,72,"Higher",43.5,"UAE citizen","UAE"
167.05,66.37,0,1943,57,"Only primary",23.78,"non-UAE citizen","UAE"
174.85,79.01,1,1948,62,"Higher",25.84,"non-UAE citizen","UAE"
171.24,51.71,1,1965,13,"Secondary",17.63,"non-UAE citizen","UAE"
113.61,29.39,0,1937,6,"Primary",22.77,"UAE citizen","UAE"
165.18,41.35,0,1987,39,"Higher",15.16,"UAE citizen","UAE"
171.13,72.42,1,2003,61,"Only primary",24.73,"UAE citizen","UAE"
174.34,67.53,1,1941,50,"Only secondary",22.22,"non-UAE citizen","UAE"
139.96,83.67,1,1999,62,"Higher",42.71,"non-UAE citizen","UAE"
136.5,65.48,0,1990,99,"Only kindergarten",35.14,"non-UAE citizen","UAE"
133.14,60.76,0,1967,44,"Higher",34.28,"non-UAE citizen","UAE"
163.27,83.74,1,1974,67,"Only secondary",31.41,"non-UAE citizen","UAE"
125.35,32.55,1,1952,11,"Primary",20.72,"UAE citizen","UAE"
172.99,59.94,1,1976,34,"Higher",20.03,"UAE citizen","UAE"
167.24,77.9,1,1950,70,"Higher",27.85,"non-UAE citizen","UAE"
130.18,44.1,1,1982,6,"Primary",26.02,"UAE citizen","UAE"
163.54,40.23,0,1929,62,"Only secondary",15.04,"non-UAE citizen","UAE"
166.06,71.57,1,1928,41,"Higher",25.95,"non-UAE citizen","UAE"
162.4,66.5,1,1972,69,"Higher",25.21,"UAE citizen","UAE"
171.7,83.16,1,1954,88,"Higher",28.21,"non-UAE citizen","UAE"
132.1,54.38,0,2001,29,"Higher",31.16,"non-UAE citizen","UAE"
146.58,52.96,0,1947,17,"Secondary",24.65,"non-UAE citizen","UAE"
159.44,79.03,1,1988,50,"Only secondary",31.09,"UAE citizen","UAE"
144.04,72.06,1,1968,35,"Higher",34.73,"non-UAE citizen","UAE"
177.32,75.21,1,1934,27,"Only kindergarten",23.92,"non-UAE citizen","UAE"
168.03,62.74,1,2000,13,"Secondary",22.22,"non-UAE citizen","UAE"
137.14,71.4,0,1974,51,"Higher",37.96,"non-UAE citizen","UAE"
165.43,77.1,1,1958,46,"Only secondary",28.17,"non-UAE citizen","UAE"
183.39,66.39,0,1928,100,"Higher",19.74,"non-UAE citizen","UAE"
144.58,60.44,1,1974,94,"Higher",28.91,"non-UAE citizen","UAE"
165.13,72.54,1,1991,40,"Higher",26.6,"non-UAE citizen","UAE"
132.56,39.55,1,1931,16,"Secondary",22.51,"non-UAE citizen","UAE"
197.42,60.89,1,1932,96,"Only secondary",15.62,"non-UAE citizen","UAE"
142.67,75.54,1,1940,99,"Only secondary",37.11,"non-UAE citizen","UAE"
180.24,66.99,1,1974,95,"Only secondary",20.62,"non-UAE citizen","UAE"
184.04,54.55,1,1931,14,"Secondary",16.11,"UAE citizen","UAE"
125.24,31.18,1,1935,11,"Primary",19.88,"UAE citizen","UAE"
112.92,25.24,0,1977,11,"Primary",19.79,"non-UAE citizen","UAE"
173.07,71.94,1,1990,100,"Higher",24.02,"UAE citizen","UAE"
166.93,72.55,1,2014,28,"Higher",26.04,"UAE citizen","UAE"
117.8,27.39,0,1987,10,"Primary",19.74,"non-UAE citizen","UAE"
165.23,70.56,1,1976,15,"Secondary",25.85,"UAE citizen","UAE"
155.09,89.63,1,1947,95,"Higher",37.26,"UAE citizen","UAE"
128.32,38.48,1,1980,7,"Primary",23.37,"UAE citizen","UAE"
177.8,76.95,1,1997,45,"Higher",24.34,"non-UAE citizen","UAE"
169.46,78.16,0,1962,68,"Only primary",27.22,"non-UAE citizen","UAE"
210.13,68.05,1,1946,66,"Higher",15.41,"non-UAE citizen","UAE"
187.96,79.59,1,2011,23,"Higher",22.53,"non-UAE citizen","UAE"
155.96,65.59,0,1979,58,"Only secondary",26.97,"non-UAE citizen","UAE"
164.65,78.43,1,1984,95,"Only secondary",28.93,"non-UAE citizen","UAE"
150.8,64.39,0,1950,37,"Only secondary",28.31,"non-UAE citizen","UAE"
166.37,73.46,1,1942,56,"Only primary",26.54,"UAE citizen","UAE"
166.07,88.87,1,1943,98,"Only secondary",32.22,"UAE citizen","UAE"
141.29,44.87,0,1944,16,"Secondary",22.48,"non-UAE citizen","UAE"
189.51,93.62,1,1933,27,"Higher",26.07,"non-UAE citizen","UAE"
189.26,67.62,1,1974,44,"Higher",18.88,"non-UAE citizen","UAE"
154.36,76.09,1,1950,19,"Higher",31.93,"non-UAE citizen","UAE"
131.65,57.46,0,1938,81,"Only secondary",33.15,"non-UAE citizen","UAE"
178.91,88.51,1,1981,74,"Only primary",27.65,"non-UAE citizen","UAE"
167.46,86.41,1,1998,85,"Higher",30.81,"non-UAE citizen","UAE"
186.11,76.89,1,1999,78,"Higher",22.2,"non-UAE citizen","UAE"
113.08,24.48,0,1931,2,"None",19.14,"non-UAE citizen","UAE"
146.49,81.61,0,1968,95,"Higher",38.03,"non-UAE citizen","UAE"
149.51,67.55,0,1967,34,"Higher",30.22,"non-UAE citizen","UAE"
109.8,20.27,0,2010,4,"Kindergarten",16.81,"non-UAE citizen","UAE"
191.98,83.86,1,1971,44,"Higher",22.75,"UAE citizen","UAE"
174.92,79.1,1,2010,43,"Higher",25.85,"non-UAE citizen","UAE"
155.04,87.34,1,1950,76,"Only secondary",36.34,"non-UAE citizen","UAE"
169.73,64.37,0,1926,88,"Only secondary",22.34,"non-UAE citizen","UAE"
173.31,64.63,1,1944,17,"Secondary",21.52,"non-UAE citizen","UAE"
126.09,29.92,1,2014,10,"Primary",18.82,"non-UAE citizen","UAE"
139.51,61.69,0,2001,88,"Only secondary",31.7,"non-UAE citizen","UAE"
153.99,71.54,0,1933,50,"Only primary",30.17,"non-UAE citizen","UAE"
170.6,83.94,0,2020,29,"Only secondary",28.84,"UAE citizen","UAE"
111.35,24.78,0,2018,10,"Primary",19.99,"non-UAE citizen","UAE"
163.34,71.46,1,1962,38,"Only secondary",26.78,"UAE citizen","UAE"
164.56,65.39,1,2012,34,"Only primary",24.15,"non-UAE citizen","UAE"
124.19,30.14,1,2003,10,"Primary",19.54,"non-UAE citizen","UAE"
185.52,64.64,0,1982,42,"Higher",18.78,"UAE citizen","UAE"
165.99,45.52,1,2011,13,"Secondary",16.52,"non-UAE citizen","UAE"
191.35,86.18,0,2011,51,"Only kindergarten",23.54,"non-UAE citizen","UAE"
108.01,21.43,0,1987,1,"None",18.37,"non-UAE citizen","UAE"
189.37,87.6,1,1938,89,"Only kindergarten",24.43,"non-UAE citizen","UAE"
180.86,83.66,1,2014,94,"Only primary",25.58,"non-UAE citizen","UAE"
147.16,59.1,0,1945,29,"Only kindergarten",27.29,"non-UAE citizen","UAE"
172.06,80.7,1,1977,37,"Only secondary",27.26,"non-UAE citizen","UAE"
162.9,58.22,1,1986,22,"Only secondary",21.94,"non-UAE citizen","UAE"
185.73,77.62,0,1987,94,"Only secondary",22.5,"non-UAE citizen","UAE"
157.87,57.67,0,2001,20,"Only secondary",23.14,"non-UAE citizen","UAE"
156.39,62.14,1,2004,20,"Only secondary",25.41,"non-UAE citizen","UAE"
127.15,78.91,0,2003,43,"Only primary",48.81,"non-UAE citizen","UAE"
160.93,56.19,0,1927,27,"Only secondary",21.7,"UAE citizen","UAE"
152.51,55.8,0,1939,99,"Only primary",23.99,"non-UAE citizen","UAE"
172.33,55.05,0,1962,63,"Only secondary",18.54,"non-UAE citizen","UAE"
145.49,68.75,1,1949,82,"Higher",32.48,"non-UAE citizen","UAE"
177.65,83.67,1,1970,22,"Higher",26.51,"non-UAE citizen","UAE"
169.02,48.85,0,1963,66,"Only kindergarten",17.1,"non-UAE citizen","UAE"
114.68,27.92,0,1988,1,"None",21.23,"non-UAE citizen","UAE"
177.15,84.51,1,1984,79,"Only secondary",26.93,"non-UAE citizen","UAE"
148.53,46.13,0,2023,17,"Secondary",20.91,"non-UAE citizen","UAE"
166.36,77.47,1,1970,58,"Higher",27.99,"non-UAE citizen","UAE"
160.11,78.28,0,2002,18,"Secondary",30.54,"non-UAE citizen","UAE"
162.75,77.61,1,2015,92,"Only secondary",29.3,"UAE citizen","UAE"
156.46,75.24,1,2020,83,"Only primary",30.74,"non-UAE citizen","UAE"
187.18,66.2,0,1948,21,"Only primary",18.89,"non-UAE citizen","UAE"
178.09,56.25,0,2006,74,"Only primary",17.74,"non-UAE citizen","UAE"
168.32,61.07,1,1947,59,"Only secondary",21.56,"non-UAE citizen","UAE"
156.79,75.32,1,1935,70,"Only secondary",30.64,"non-UAE citizen","UAE"
181.24,81.58,1,1933,64,"Only kindergarten",24.84,"non-UAE citizen","UAE"
161.65,77.65,1,1991,78,"Only primary",29.72,"non-UAE citizen","UAE"
159.63,85.52,1,1990,65,"Only kindergarten",33.56,"non-UAE citizen","UAE"
175.76,76.99,1,1934,42,"Higher",24.92,"non-UAE citizen","UAE"
140.09,63.02,0,1959,72,"Higher",32.11,"non-UAE citizen","UAE"
174.33,63.88,1,1970,61,"Only secondary",21.02,"non-UAE citizen","UAE"
171.97,77.31,1,1949,95,"Higher",26.14,"non-UAE citizen","UAE"
161.32,67.7,0,2017,23,"Only secondary",26.01,"UAE citizen","UAE"
164.62,52.34,0,1984,88,"Only secondary",19.31,"non-UAE citizen","UAE"
152.93,54.02,0,1988,85,"Only primary",23.1,"non-UAE citizen","UAE"
149.17,67.42,1,2007,31,"Higher",30.3,"non-UAE citizen","UAE"
151.97,44.51,0,1947,15,"Secondary",19.27,"UAE citizen","UAE"
158.44,84.36,1,1980,60,"Only kindergarten",33.61,"UAE citizen","UAE"
172.48,80.54,1,1951,95,"Higher",27.07,"non-UAE citizen","UAE"
175.1,64.19,1,2020,100,"Higher",20.94,"non-UAE citizen","UAE"
111.24,22.04,1,1936,2,"None",17.81,"non-UAE citizen","UAE"
195.82,65.07,1,1932,24,"Higher",16.97,"non-UAE citizen","UAE"
160.35,69.82,1,1984,98,"Only secondary",27.15,"non-UAE citizen","UAE"
142.67,84.92,1,2010,27,"Only secondary",41.72,"UAE citizen","UAE"
170.68,83.8,1,2023,30,"Only primary",28.77,"non-UAE citizen","UAE"
167.52,70.83,1,1956,45,"Only secondary",25.24,"non-UAE citizen","UAE"
145.62,71.95,0,1931,42,"Higher",33.93,"non-UAE citizen","UAE"
160.51,60.77,0,2001,50,"Higher",23.59,"non-UAE citizen","UAE"
170.94,79.55,0,2005,52,"Only kindergarten",27.22,"non-UAE citizen","UAE"
173.93,65.06,1,1987,98,"Only secondary",21.51,"non-UAE citizen","UAE"
149.81,33.18,0,2008,64,"Higher",14.78,"non-UAE citizen","UAE"
152.85,48.39,0,2016,16,"Secondary",20.71,"non-UAE citizen","UAE"
171.64,56.86,1,1965,73,"Only secondary",19.3,"non-UAE citizen","UAE"
158.17,94.32,1,1950,100,"Only secondary",37.7,"non-UAE citizen","UAE"
154.58,71.64,0,1976,76,"Higher",29.98,"non-UAE citizen","UAE"
174.66,101.6,1,2011,70,"Higher",33.3,"UAE citizen","UAE"
156.26,90.03,1,1977,83,"Only primary",36.87,"non-UAE citizen","UAE"
151.23,63.84,0,1989,91,"Higher",27.91,"non-UAE citizen","UAE"
170.98,71.26,1,2021,33,"Higher",24.38,"non-UAE citizen","UAE"
132.92,31.84,1,1989,8,"Primary",18.02,"non-UAE citizen","UAE"
176.27,84.55,1,1959,76,"Only kindergarten",27.21,"non-UAE citizen","UAE"
175.3,92.83,0,1985,73,"Only secondary",30.21,"non-UAE citizen","UAE"
180.9,68.78,1,1969,38,"Higher",21.02,"non-UAE citizen","UAE"
175.03,50.89,0,1985,62,"Higher",16.61,"UAE citizen","UAE"
136.67,73.61,1,2005,83,"Higher",39.41,"non-UAE citizen","UAE"
181.61,66.13,1,2023,83,"Only primary",20.05,"non-UAE citizen","UAE"
155.63,67.69,0,1950,49,"Higher",27.95,"UAE citizen","UAE"
168.46,52.13,0,1928,35,"Only primary",18.37,"non-UAE citizen","UAE"
182.71,79.72,1,1982,39,"Higher",23.88,"non-UAE citizen","UAE"
143.6,65.55,0,2021,30,"Only kindergarten",31.79,"non-UAE citizen","UAE"
197.93,71.4,1,2009,25,"Only secondary",18.23,"non-UAE citizen","UAE"
164.8,73.11,1,1953,98,"Higher",26.92,"non-UAE citizen","UAE"
186.37,72.65,1,1937,30,"Higher",20.92,"non-UAE citizen","UAE"
170.66,87.42,1,2009,63,"Higher",30.02,"non-UAE citizen","UAE"
183.67,56.18,1,1942,49,"Only primary",16.65,"non-UAE citizen","UAE"
136.26,79.81,1,1930,37,"Higher",42.99,"non-UAE citizen","UAE"
146.56,72.45,1,2022,71,"Higher",33.73,"non-UAE citizen","UAE"
165.4,93.12,1,2013,79,"Only secondary",34.04,"non-UAE citizen","UAE"
149.31,74.92,1,1940,60,"Higher",33.61,"UAE citizen","UAE"
178.41,69.58,1,1961,60,"Only primary",21.86,"non-UAE citizen","UAE"
163.26,68.2,0,2023,53,"Only primary",25.59,"UAE citizen","UAE"
182.16,75.2,1,1949,96,"Only secondary",22.66,"non-UAE citizen","UAE"
153,66.45,1,1974,68,"Only kindergarten",28.39,"non-UAE citizen","UAE"
166.14,40.84,1,2007,17,"Secondary",14.8,"non-UAE citizen","UAE"
191.36,85.66,0,1986,92,"Higher",23.39,"UAE citizen","UAE"
138.73,69.44,0,1946,25,"Higher",36.08,"non-UAE citizen","UAE"
107.1,22.74,1,1990,1,"None",19.82,"non-UAE citizen","UAE"
102.91,9.82,1,2003,3,"Kindergarten",9.27,"non-UAE citizen","UAE"
127.06,34.79,0,2022,10,"Primary",21.55,"non-UAE citizen","UAE"
159.12,64.42,1,2000,39,"Higher",25.44,"UAE citizen","UAE"
147.55,55.92,0,1978,42,"Higher",25.69,"non-UAE citizen","UAE"
169.8,75.59,1,1991,38,"Only secondary",26.22,"non-UAE citizen","UAE"
179.05,66.68,0,1973,33,"Only primary",20.8,"non-UAE citizen","UAE"
176.59,66.74,1,1953,43,"Higher",21.4,"non-UAE citizen","UAE"
186.42,72.26,1,1927,19,"Only secondary",20.79,"non-UAE citizen","UAE"
144.73,80.99,0,2006,33,"Only kindergarten",38.66,"non-UAE citizen","UAE"
135.64,84,1,1977,47,"Only secondary",45.66,"non-UAE citizen","UAE"
198.8,61.1,1,1956,19,"Only secondary",15.46,"non-UAE citizen","UAE"
170.32,71.25,1,1988,74,"Higher",24.56,"non-UAE citizen","UAE"
169.55,72.27,1,1997,86,"Only secondary",25.14,"non-UAE citizen","UAE"
182.22,82.32,1,1964,42,"Higher",24.79,"non-UAE citizen","UAE"
169.5,75.28,1,1978,100,"Only primary",26.2,"non-UAE citizen","UAE"
132.67,35.09,1,2005,8,"Primary",19.94,"non-UAE citizen","UAE"
171.42,84.17,1,1941,95,"Only kindergarten",28.64,"non-UAE citizen","UAE"
103.77,17.47,1,1971,4,"None",16.22,"UAE citizen","UAE"
155.61,72.77,0,1925,50,"Only primary",30.05,"UAE citizen","UAE"
180,61.89,1,1933,15,"Secondary",19.1,"non-UAE citizen","UAE"
169.97,62.81,1,1943,82,"Higher",21.74,"UAE citizen","UAE"
159.81,67.81,0,2023,18,"Secondary",26.55,"non-UAE citizen","UAE"
107.16,19.38,1,1994,4,"Kindergarten",16.88,"non-UAE citizen","UAE"
157.93,73.44,1,2007,70,"Only kindergarten",29.44,"non-UAE citizen","UAE"
175.92,81.43,1,1995,100,"Only secondary",26.31,"non-UAE citizen","UAE"
174.36,68.01,1,1929,60,"Higher",22.37,"non-UAE citizen","UAE"
165.92,83.46,1,1977,36,"Only secondary",30.32,"non-UAE citizen","UAE"
180.47,87.54,1,2024,31,"Higher",26.88,"non-UAE citizen","UAE"
105.71,10.54,0,2017,3,"Kindergarten",9.43,"UAE citizen","UAE"
161.71,63.93,1,1935,27,"Higher",24.45,"non-UAE citizen","UAE"
173.47,69.74,1,1944,66,"Higher",23.18,"UAE citizen","UAE"
176.15,73.47,1,2020,30,"Only secondary",23.68,"non-UAE citizen","UAE"
177.01,74.05,1,1937,84,"Only kindergarten",23.63,"UAE citizen","UAE"
153.96,63.97,0,2004,32,"Higher",26.99,"non-UAE citizen","UAE"
106.07,21.08,0,1968,5,"Kindergarten",18.74,"non-UAE citizen","UAE"
172.02,72.72,1,1953,84,"Only secondary",24.58,"non-UAE citizen","UAE"
112.08,21.01,1,1938,5,"Kindergarten",16.73,"UAE citizen","UAE"
152.79,75.06,1,1965,74,"Higher",32.15,"non-UAE citizen","UAE"
156.62,47.31,0,1956,98,"Higher",19.29,"UAE citizen","UAE"
154.53,81.89,1,1928,64,"Only secondary",34.29,"non-UAE citizen","UAE"
189.64,70.04,1,1940,78,"Only kindergarten",19.48,"non-UAE citizen","UAE"
172.45,72.58,1,1986,68,"Only kindergarten",24.41,"non-UAE citizen","UAE"
175.72,66.11,1,1952,56,"Only secondary",21.41,"non-UAE citizen","UAE"
176.92,61.58,1,2009,64,"Only secondary",19.67,"non-UAE citizen","UAE"
192.89,79.26,1,1930,77,"Higher",21.3,"UAE citizen","UAE"
160.7,60.79,1,1925,16,"Secondary",23.54,"non-UAE citizen","UAE"
171.82,61.19,0,1997,44,"Higher",20.73,"non-UAE citizen","UAE"
170.29,74.24,0,1999,22,"Higher",25.6,"non-UAE citizen","UAE"
171.87,57.07,1,2018,96,"Only secondary",19.32,"UAE citizen","UAE"
183.54,62.69,1,1970,96,"Only secondary",18.61,"non-UAE citizen","UAE"
165.46,63.67,1,1971,53,"Only secondary",23.26,"non-UAE citizen","UAE"
124.05,57.94,0,2015,51,"Higher",37.65,"non-UAE citizen","UAE"
150.34,68.46,0,1999,41,"Higher",30.29,"non-UAE citizen","UAE"
171.8,85.71,1,1962,91,"Only primary",29.04,"non-UAE citizen","UAE"
149.11,73.33,0,1931,27,"Higher",32.98,"UAE citizen","UAE"
157.61,85.6,1,1995,41,"Higher",34.46,"non-UAE citizen","UAE"
172.02,76.8,0,1937,37,"Only primary",25.95,"non-UAE citizen","UAE"
150.75,83.1,0,2013,44,"Higher",36.57,"non-UAE citizen","UAE"
177.48,73.33,1,1987,64,"Higher",23.28,"non-UAE citizen","UAE"
187.13,72.86,1,1944,53,"Only secondary",20.81,"non-UAE citizen","UAE"
178.65,66.32,1,1981,88,"Higher",20.78,"non-UAE citizen","UAE"
138.66,57.99,0,1927,94,"Only secondary",30.16,"non-UAE citizen","UAE"
173.79,83.5,1,1936,74,"Only secondary",27.65,"non-UAE citizen","UAE"
185.41,48.68,0,1995,96,"Only primary",14.16,"non-UAE citizen","UAE"
183.64,65.36,0,1983,49,"Higher",19.38,"non-UAE citizen","UAE"
179.47,79.54,1,1998,18,"Secondary",24.69,"non-UAE citizen","UAE"
174.36,63.32,1,1961,16,"Secondary",20.83,"non-UAE citizen","UAE"
192.62,77.45,1,1959,72,"Higher",20.87,"non-UAE citizen","UAE"
148.26,68.91,0,1943,29,"Only primary",31.35,"UAE citizen","UAE"
131.64,38.66,0,2025,11,"Primary",22.31,"non-UAE citizen","UAE"
158.58,68.07,0,1943,28,"Higher",27.07,"non-UAE citizen","UAE"
130.59,40.03,1,2005,9,"Primary",23.47,"non-UAE citizen","UAE"
175.34,67.33,1,2001,96,"Only secondary",21.9,"non-UAE citizen","UAE"
133.49,52.73,0,1940,12,"Secondary",29.59,"non-UAE citizen","UAE"
149.3,67.25,0,2001,40,"Only secondary",30.17,"non-UAE citizen","UAE"
159.95,65.32,0,1984,28,"Higher",25.53,"non-UAE citizen","UAE"
165.6,56.25,1,1954,15,"None",20.51,"non-UAE citizen","UAE"
176.91,74.08,1,1970,19,"Higher",23.67,"non-UAE citizen","UAE"
122.1,28.51,0,2006,8,"Primary",19.12,"non-UAE citizen","UAE"
177.69,67.09,0,1946,35,"Higher",21.25,"non-UAE citizen","UAE"
127.79,71.24,0,1976,92,"Higher",43.62,"UAE citizen","UAE"
138.73,53,0,1937,50,"Higher",27.54,"non-UAE citizen","UAE"
151.36,83.65,0,1978,75,"Higher",36.51,"non-UAE citizen","UAE"
188.24,74.59,1,1968,28,"Only secondary",21.05,"non-UAE citizen","UAE"
179.79,71.53,0,1959,28,"Only secondary",22.13,"non-UAE citizen","UAE"
150.44,63.97,0,1926,53,"Only secondary",28.27,"non-UAE citizen","UAE"
158.01,55.58,0,1980,84,"Only secondary",22.26,"non-UAE citizen","UAE"
160.68,58.38,1,1974,52,"Only kindergarten",22.61,"non-UAE citizen","UAE"
181.17,56.84,0,2002,47,"Higher",17.32,"non-UAE citizen","UAE"
202.76,53.86,1,1956,42,"Higher",13.1,"non-UAE citizen","UAE"
166.54,46.61,1,1956,12,"Secondary",16.81,"non-UAE citizen","UAE"
183.56,73.82,1,1928,56,"Only secondary",21.91,"non-UAE citizen","UAE"
161.96,58.82,0,1941,80,"Only kindergarten",22.42,"UAE citizen","UAE"
127.72,32.12,1,1951,10,"Primary",19.69,"UAE citizen","UAE"
146.22,62.57,0,2002,78,"Only secondary",29.27,"non-UAE citizen","UAE"
167.27,76.8,1,1935,88,"Only kindergarten",27.45,"UAE citizen","UAE"
169.27,67.49,0,1981,82,"Only primary",23.55,"UAE citizen","UAE"
178.28,83,1,1950,52,"Only secondary",26.11,"non-UAE citizen","UAE"
138.07,69.57,0,1992,61,"Higher",36.49,"non-UAE citizen","UAE"
155.37,53.02,1,1965,59,"Higher",21.96,"non-UAE citizen","UAE"
162.62,79.29,1,2004,86,"Only primary",29.98,"non-UAE citizen","UAE"
152.46,61.56,1,1958,83,"Higher",26.48,"non-UAE citizen","UAE"
171.77,32.38,0,1964,89,"Only kindergarten",10.97,"non-UAE citizen","UAE"
164.16,66.72,1,1962,94,"Higher",24.76,"non-UAE citizen","UAE"
187.12,67.76,1,1964,25,"Higher",19.35,"non-UAE citizen","UAE"
171.87,73.52,1,1975,44,"Only primary",24.89,"non-UAE citizen","UAE"
183.57,76.98,1,1972,95,"Only kindergarten",22.84,"UAE citizen","UAE"
171.15,78.58,1,1948,73,"Only kindergarten",26.83,"non-UAE citizen","UAE"
159.72,67.11,1,1932,23,"Only secondary",26.31,"non-UAE citizen","UAE"
159.23,61.43,1,1972,89,"Only secondary",24.23,"UAE citizen","UAE"
102.89,18.01,1,1984,5,"Kindergarten",17.01,"non-UAE citizen","UAE"
104.41,23.29,1,1954,5,"Kindergarten",21.36,"non-UAE citizen","UAE"
196.76,71.61,1,1957,95,"Only secondary",18.5,"UAE citizen","UAE"
173.05,62.12,0,1975,60,"Only secondary",20.74,"UAE citizen","UAE"
132.12,36,1,2025,6,"Primary",20.62,"non-UAE citizen","UAE"
166.84,88.63,1,1987,43,"Higher",31.84,"UAE citizen","UAE"
171.9,72.37,1,1978,90,"Higher",24.49,"non-UAE citizen","UAE"
111.69,29.28,0,1957,7,"Primary",23.47,"non-UAE citizen","UAE"
173.44,72.23,1,1931,73,"Only secondary",24.01,"non-UAE citizen","UAE"
121.01,33.91,0,1932,9,"Primary",23.16,"non-UAE citizen","UAE"
137.61,62.74,0,1944,25,"Only secondary",33.13,"UAE citizen","UAE"
161.83,38.45,0,1983,45,"Only secondary",14.68,"non-UAE citizen","UAE"
159.15,60.92,0,1936,64,"Higher",24.05,"non-UAE citizen","UAE"
151.33,59.67,1,1927,91,"Only primary",26.06,"non-UAE citizen","UAE"
163.4,84.39,1,1958,65,"Higher",31.61,"non-UAE citizen","UAE"
168.4,59.21,1,2009,83,"Only primary",20.88,"non-UAE citizen","UAE"
163.47,72.85,1,1939,68,"Only kindergarten",27.26,"non-UAE citizen","UAE"
147.92,65.04,0,1942,63,"Only secondary",29.73,"non-UAE citizen","UAE"
204.27,54.93,0,1990,51,"Only secondary",13.16,"non-UAE citizen","UAE"
192.87,65.67,1,2013,46,"Higher",17.65,"non-UAE citizen","UAE"
146.17,55.55,0,1971,28,"Only secondary",26,"non-UAE citizen","UAE"
195.54,79.82,1,1929,27,"Only secondary",20.88,"non-UAE citizen","UAE"
169.27,73.29,1,1976,69,"Higher",25.58,"non-UAE citizen","UAE"
170.45,62.6,1,1997,72,"Only kindergarten",21.55,"non-UAE citizen","UAE"
111.3,20.69,1,1940,5,"Kindergarten",16.7,"non-UAE citizen","UAE"
106.88,18.82,0,1928,1,"None",16.48,"non-UAE citizen","UAE"
177.77,86.69,1,1928,44,"Only secondary",27.43,"non-UAE citizen","UAE"
160.86,49.29,1,1980,16,"Secondary",19.05,"non-UAE citizen","UAE"
190.63,60.25,1,1963,56,"Higher",16.58,"non-UAE citizen","UAE"
159.11,57.64,1,2003,75,"Higher",22.77,"non-UAE citizen","UAE"
157.39,51.94,0,1944,38,"Higher",20.97,"UAE citizen","UAE"
169.98,87.69,1,1962,63,"Only secondary",30.35,"UAE citizen","UAE"
166.85,67.67,0,1954,78,"Higher",24.31,"non-UAE citizen","UAE"
142.84,81.78,1,2013,74,"Only primary",40.08,"non-UAE citizen","UAE"
176.82,88.39,1,1955,97,"Only secondary",28.27,"non-UAE citizen","UAE"
167.25,68.05,0,1964,53,"Only kindergarten",24.33,"non-UAE citizen","UAE"
186.07,91.92,0,1966,79,"Higher",26.55,"non-UAE citizen","UAE"
164.97,62.3,1,1935,15,"Secondary",22.89,"UAE citizen","UAE"
142.98,60.68,0,1958,44,"Only primary",29.68,"non-UAE citizen","UAE"
147.96,68.42,0,1938,39,"Only kindergarten",31.25,"non-UAE citizen","UAE"
159.41,46.37,0,2003,14,"Secondary",18.25,"non-UAE citizen","UAE"
152.81,69.98,1,1991,64,"Higher",29.97,"non-UAE citizen","UAE"
108.21,15.61,0,1950,3,"Kindergarten",13.33,"UAE citizen","UAE"
182.12,70.99,1,1933,52,"Higher",21.4,"non-UAE citizen","UAE"
136,28.89,1,1975,8,"Primary",15.62,"non-UAE citizen","UAE"
170.68,54.5,0,1967,47,"Only secondary",18.71,"UAE citizen","UAE"
183.83,90.34,1,1984,44,"Only kindergarten",26.73,"non-UAE citizen","UAE"
208.76,73.77,1,1999,42,"Only kindergarten",16.93,"non-UAE citizen","UAE"
180.82,60.92,1,1940,83,"Only secondary",18.63,"UAE citizen","UAE"
147.62,80.21,1,2008,49,"Only kindergarten",36.81,"UAE citizen","UAE"
167.32,64.77,0,1931,35,"Higher",23.14,"non-UAE citizen","UAE"
174.32,81.35,1,2019,94,"Only secondary",26.77,"non-UAE citizen","UAE"
166.15,75.37,1,2023,18,"Secondary",27.3,"non-UAE citizen","UAE"
186.42,67.84,1,1935,68,"Higher",19.52,"non-UAE citizen","UAE"
160.53,56.93,0,1925,69,"Higher",22.09,"UAE citizen","UAE"
165.11,84.24,1,1984,46,"Only secondary",30.9,"UAE citizen","UAE"
169.03,85.09,1,1946,59,"Only secondary",29.78,"UAE citizen","UAE"
